
statement ok
DROP TABLE IF EXISTS ft_minimum_should_match;

statement ok
CREATE TABLE ft_minimum_should_match(num int, doc varchar);

# copy data from csv file
statement ok
COPY ft_minimum_should_match FROM '/var/infinity/test_data/fulltext_delete.csv' WITH ( DELIMITER '\t', FORMAT CSV );

statement ok
INSERT INTO ft_minimum_should_match VALUES (4, 'another second text xxx'), (5, 'another multiple');

statement ok
CREATE INDEX ft_index ON ft_minimum_should_match(doc) USING FULLTEXT;

query I
SELECT * FROM ft_minimum_should_match;
----
1 first text
2 second text multiple
3 third text many words
4 another second text xxx
5 another multiple

query I
SELECT * FROM ft_minimum_should_match SEARCH MATCH TEXT ('doc', 'second text;topn=10');
----
2 second text multiple
4 another second text xxx
1 first text
3 third text many words

query I
SELECT * FROM ft_minimum_should_match SEARCH MATCH TEXT ('doc', 'second text', 'minimum_should_match=50%;topn=10');
----
2 second text multiple
4 another second text xxx
1 first text
3 third text many words

query I
SELECT * FROM ft_minimum_should_match SEARCH MATCH TEXT ('doc', 'second text', 'minimum_should_match=2;topn=10');
----
2 second text multiple
4 another second text xxx

query I
SELECT * FROM ft_minimum_should_match SEARCH MATCH TEXT ('doc', 'second text', 'minimum_should_match=-49%;topn=10');
----
2 second text multiple
4 another second text xxx

query I
SELECT * FROM ft_minimum_should_match SEARCH MATCH TEXT ('doc', 'second text', 'minimum_should_match=2<-49%;topn=10');
----
2 second text multiple
4 another second text xxx

query I
SELECT * FROM ft_minimum_should_match SEARCH MATCH TEXT ('doc', 'second text multiple', 'minimum_should_match=2;topn=10');
----
2 second text multiple
4 another second text xxx

query I
SELECT * FROM ft_minimum_should_match SEARCH MATCH TEXT ('doc', 'second text multiple', 'minimum_should_match=-1;topn=10');
----
2 second text multiple
4 another second text xxx

query I
SELECT * FROM ft_minimum_should_match SEARCH MATCH TEXT ('doc', 'second text multiple', 'minimum_should_match=-34%;topn=10');
----
2 second text multiple
4 another second text xxx

query I
SELECT * FROM ft_minimum_should_match SEARCH MATCH TEXT ('doc', 'second text multiple', 'minimum_should_match=-33%;topn=10');
----
2 second text multiple

query I
SELECT * FROM ft_minimum_should_match SEARCH MATCH TEXT ('doc', 'second text multiple', 'minimum_should_match=3;topn=10');
----
2 second text multiple

query I
SELECT * FROM ft_minimum_should_match SEARCH MATCH TEXT ('doc', 'second text multiple', 'minimum_should_match=1<50% 2<-1%;topn=10');
----
2 second text multiple

statement error
SELECT * FROM ft_minimum_should_match SEARCH MATCH TEXT ('doc', 'second text multiple', 'minimum_should_match=101%;topn=10');

statement error
SELECT * FROM ft_minimum_should_match SEARCH MATCH TEXT ('doc', 'second text multiple', 'minimum_should_match=-101%;topn=10');

statement error
SELECT * FROM ft_minimum_should_match SEARCH MATCH TEXT ('doc', 'second text multiple', 'minimum_should_match=0.1%;topn=10');

statement error
SELECT * FROM ft_minimum_should_match SEARCH MATCH TEXT ('doc', 'second text multiple', 'minimum_should_match=0.1;topn=10');

# Clean up
statement ok
DROP TABLE ft_minimum_should_match;
