statement ok
DROP TABLE IF EXISTS test_compact;

statement ok
CREATE TABLE test_compact (c1 INT, c2 EMBEDDING(int, 3));

query I
COPY test_compact FROM '/var/infinity/test_data/embedding_int_dim3.csv' WITH (DELIMITER ',');
----

query I
COPY test_compact FROM '/var/infinity/test_data/embedding_int_dim3.csv' WITH (DELIMITER ',');
----

query I
COPY test_compact FROM '/var/infinity/test_data/embedding_int_dim3.csv' WITH (DELIMITER ',');
----


query II
SELECT * FROM test_compact;
----
1 [2,3,4]
5 [6,7,8]
9 [10,11,12]
1 [2,3,4]
5 [6,7,8]
9 [10,11,12]
1 [2,3,4]
5 [6,7,8]
9 [10,11,12]

query I
COMPACT TABLE test_compact;
----

query II
SELECT * FROM test_compact;
----
1 [2,3,4]
5 [6,7,8]
9 [10,11,12]
1 [2,3,4]
5 [6,7,8]
9 [10,11,12]
1 [2,3,4]
5 [6,7,8]
9 [10,11,12]

statement ok
DROP TABLE test_compact;