statement ok
DROP TABLE IF EXISTS test_compact_with_delete;

statement ok
CREATE TABLE test_compact_with_delete (c1 INT, c2 EMBEDDING(int, 3));

query I
COPY test_compact_with_delete FROM '/var/infinity/test_data/embedding_int_dim3.csv' WITH (DELIMITER ',');
----

query I
COPY test_compact_with_delete FROM '/var/infinity/test_data/embedding_int_dim3.csv' WITH (DELIMITER ',');
----

query I
COPY test_compact_with_delete FROM '/var/infinity/test_data/embedding_int_dim3.csv' WITH (DELIMITER ',');
----

statement ok
DELETE FROM test_compact_with_delete WHERE c1 = 1;

query II
SELECT * FROM test_compact_with_delete;
----
5 6,7,8
9 10,11,12
5 6,7,8
9 10,11,12
5 6,7,8
9 10,11,12

query I
COMPACT TABLE test_compact_with_delete;
----

query II
SELECT * FROM test_compact_with_delete;
----
5 6,7,8
9 10,11,12
5 6,7,8
9 10,11,12
5 6,7,8
9 10,11,12

statement ok
DROP TABLE test_compact_with_delete;