statement ok
DROP TABLE IF EXISTS test_import_sparse;

statement ok
CREATE TABLE test_import_sparse (col1 INT, col2 SPARSE(DOUBLE, 30000) WITH (sort));

statement ok
COPY test_import_sparse FROM '/var/infinity/test_data/sparse_float_unsort.csv' WITH (FORMAT CSV);

query I
SELECT * FROM test_import_sparse;
----
1 10000: 1.000000, 20000: 2.000000
3 3000: 3.000000, 4000: 4.000000, 5000: 5.000000
0 (empty)

statement ok
DROP TABLE test_import_sparse;

#######################################

statement ok
CREATE TABLE test_import_sparse (col1 INT, col2 SPARSE(DOUBLE, 30000) WITH (sort));

statement ok
COPY test_import_sparse FROM '/var/infinity/test_data/sparse_float_unsort.jsonl' WITH (FORMAT JSONL);

query I
SELECT * FROM test_import_sparse;
----
1 10000: 1.000000, 20000: 2.000000
3 3000: 3.000000, 4000: 4.000000, 5000: 5.000000
0 (empty)

statement ok
DROP TABLE test_import_sparse;
