statement ok
DROP TABLE IF EXISTS test_array_table;

statement ok
CREATE TABLE test_array_table (col1 INT, col2 ARRAY(VARCHAR));

query I
SHOW TABLE test_array_table COLUMNS;
----
col1 Integer Null (empty)
col2 Array(Varchar) Null (empty)

statement ok
INSERT INTO test_array_table VALUES (1, {'hello', 'world'}), (2, {});

query I
SELECT * FROM test_array_table;
----
1 {hello,world}
2 {}

statement ok
DROP TABLE test_array_table;

statement ok
CREATE TABLE test_array_table (col1 INT, col2 ARRAY(INT));

query I
SHOW TABLE test_array_table COLUMNS;
----
col1 Integer Null (empty)
col2 Array(Integer) Null (empty)

statement ok
INSERT INTO test_array_table VALUES (1, {0, 3}), (2, {});

query I
SELECT * FROM test_array_table;
----
1 {0,3}
2 {}

statement ok
DROP TABLE test_array_table;

statement ok
CREATE TABLE test_array_table (col1 INT, col2 ARRAY(ARRAY(INT)));

query I
SHOW TABLE test_array_table COLUMNS;
----
col1 Integer Null (empty)
col2 Array(Array(Integer)) Null (empty)

statement ok
INSERT INTO test_array_table VALUES (1, {{0, 3}, {1}}), (2, {{0, 3}, {}}), (3, {{}}), (4, {});

query I
SELECT * FROM test_array_table;
----
1 {{0,3},{1}}
2 {{0,3},{}}
3 {{}}
4 {}

statement ok
DROP TABLE test_array_table;

statement ok
CREATE TABLE test_array_table (col1 INT, col2 ARRAY(EMBEDDING(FLOAT, 1024)));

query I
SHOW TABLE test_array_table COLUMNS;
----
col1 Integer Null (empty)
col2 Array(Embedding(float,1024)) Null (empty)

statement ok
DROP TABLE test_array_table;

statement error
CREATE TABLE test_array_table (col1 INT, col2 ARRAY(EMBEDDING(FLOAT, 16385)));
