statement ok
CREATE TABLE names(id BIGINT PRIMARY KEY, name VARCHAR(255), age INTEGER);

statement ok
INSERT INTO names(id, name, age) VALUES(1, 'Abby', 24);

statement ok
INSERT INTO names(id, name, age) VALUES(2, 'Bob', 25);

statement ok
INSERT INTO names(id, name, age) VALUES(3, 'Carol', 23);

statement ok
INSERT INTO names(id, name, age) VALUES(4, 'Dora', 29);

query I
SELECT count(*) FROM names;
----
1

query I
SELECT sum(id) FROM names GROUP BY age;
----
4
3
2
1

statement ok
DROP TABLE IF EXISTS NAMES;