statement ok
DROP TABLE IF EXISTS t1;

statement ok
CREATE TABLE t1 (c1 int, c2 int);

statement ok
INSERT INTO t1 VALUES(0, 1), (1, 4), (1, 5), (2, 3);

query II
select c1, c2 from t1 order by c1 + c2, c1;
----
0 1
1 4
2 3
1 5

query II
select c1, c2, c1 + c2 from t1 order by c1 + c2, c1;
----
0 1 1
1 4 5
2 3 5
1 5 6