statement ok
DROP TABLE IF EXISTS t1;

statement ok
CREATE TABLE t1 (c1 INTEGER, c2 VARCHAR);

statement ok
INSERT INTO t1 VALUES(0, 'abc'), (1, 'abcd'), (2, 'abcd'), (2, 'abcde');

query I nosort
SELECT COUNT(c2) from t1 WHERE c2 IN ('abc', 'abcd');
----
3

statement error
SELECT COUNT(c2) from t1 WHERE c2 IN ('abc', 'abcd') order by c1;

query T nosort
SELECT c2 from t1 WHERE c2 IN ('abc', 'abcd') group by c2 order by c2;
----
abc
abcd

statement error
SELECT c2 from t1 WHERE c2 IN ('abc', 'abcd') group by c2 order by c1;

query TI rowsort
SELECT c2, COUNT(c1) from t1 WHERE c2 IN ('abc', 'abcd') group by c2;
----
abc 1
abcd 2

statement error
SELECT c2, COUNT(c1) from t1 WHERE c2 IN ('abc', 'abcd') group by c2 order by c1;

statement ok
DROP TABLE t1;
