statement ok
DROP TABLE IF EXISTS test_knn_given_index_name;

statement ok
CREATE TABLE test_knn_given_index_name(c1 INT,  c2 EMBEDDING(FLOAT, 4));

statement ok
COPY test_knn_given_index_name FROM '/var/infinity/test_data/embedding_float_dim4.csv' WITH (DELIMITER ',', FORMAT CSV);

statement ok
CREATE INDEX idx1 ON test_knn_given_index_name (c2) USING Hnsw WITH (M = 16, ef_construction = 200, metric = cos);

statement ok
CREATE INDEX idx2 ON test_knn_given_index_name (c2) USING Hnsw WITH (M = 16, ef_construction = 200, metric = l2);

statement ok
CREATE INDEX idx3 ON test_knn_given_index_name (c2) USING IVF WITH (metric = ip);

statement ok
CREATE INDEX idx4 ON test_knn_given_index_name (c2) USING IVF WITH (metric = l2);

query I
SELECT c1 FROM test_knn_given_index_name SEARCH MATCH VECTOR (c2, [0.3, 0.3, 0.2, 0.2], 'float', 'cosine', 3);
----
8
6
4

query I
SELECT c1 FROM test_knn_given_index_name SEARCH MATCH VECTOR (c2, [0.3, 0.3, 0.2, 0.2], 'float', 'cosine', 3) USING INDEX (idx1);
----
8
6
4

query I
SELECT c1 FROM test_knn_given_index_name SEARCH MATCH VECTOR (c2, [0.3, 0.3, 0.2, 0.2], 'float', 'l2', 3) USING INDEX (idx2);
----
8
6
4

#query I
#SELECT c1 FROM test_knn_given_index_name SEARCH MATCH VECTOR (c2, [0.3, 0.3, 0.2, 0.2], 'float', 'ip', 3) USING INDEX (idx3);
#----
#8
#6
#4

#query I
#SELECT c1 FROM test_knn_given_index_name SEARCH MATCH VECTOR (c2, [0.3, 0.3, 0.2, 0.2], 'float', 'l2', 3) USING INDEX (idx4);
#----
#8
#6
#4

statement  error
SELECT c1 FROM test_knn_given_index_name SEARCH MATCH VECTOR (c2, [0.3, 0.3, 0.2, 0.2], 'float', 'cosine', 3) USING INDEX (idx5);

statement ok
DROP INDEX idx1 ON test_knn_given_index_name;

statement ok
DROP INDEX idx2 ON test_knn_given_index_name;

statement ok
DROP INDEX idx3 ON test_knn_given_index_name;

statement ok
DROP INDEX idx4 ON test_knn_given_index_name;

statement ok
DROP TABLE test_knn_given_index_name;