###### init

statement ok
DROP TABLE IF EXISTS t1;

statement ok
DROP DATABASE IF EXISTS db1;

######

statement ok
CREATE DATABASE db1;

statement ok
USE db1;

statement ok
CREATE TABLE t1 (c1 INT, c2 INT, c3 INT);

query IIIIIIII
SHOW TABLES;
----
db1 t1 Table 3 0 0 0 8388608

statement ok
INSERT INTO t1 VALUES (1, 2, 3);

query III
SELECT * FROM t1;
----
1 2 3

statement ok
USE default;

statement ok
CREATE TABLE t1 (c1 INT, c2 INT, c3 INT);

query IIIIIIII
SHOW TABLES;
----
default t1 Table 3 0 0 0 8388608

statement ok
INSERT INTO t1 VALUES (4, 5, 6);

query III
SELECT * FROM t1;
----
4 5 6

statement ok
DROP TABLE db1.t1;

query IIIIIIII
SHOW TABLES;
----
default t1 Table 3 1 1 1 8388608

statement ok
USE db1;

query IIIIIIII
SHOW TABLES;
----