statement ok
DROP TABLE IF EXISTS test_math;

statement ok
CREATE TABLE test_math (c1 integer, c2 float);

# insert

statement ok
INSERT INTO test_math VALUES (1, 4), (4, 9), (9, 16), (10, 2.4), (10, -2.4), (10, 2.5), (10, -2.5);

query I
SELECT *, sqrt(c1), sqrt(c2) FROM test_math WHERE c1 < 10;
----
1 4.000000 1.000000 2.000000
4 9.000000 2.000000 3.000000
9 16.000000 3.000000 4.000000

query II
SELECT c1, sqrt(c1) FROM test_math WHERE sqrt(c1) = 2;
----
4 2.000000

query III
SELECT c2, round(c2) FROM test_math WHERE c1 > 9;
----
2.400000 2.000000
-2.400000 -2.000000
2.500000 3.000000
-2.500000 -3.000000

query IV
SELECT c2, ceil(c2) FROM test_math WHERE c1 > 9;
----
2.400000 3.000000
-2.400000 -2.000000
2.500000 3.000000
-2.500000 -2.000000

query V
SELECT c2, floor(c2) FROM test_math WHERE c1 > 9;
----
2.400000 2.000000
-2.400000 -3.000000
2.500000 2.000000
-2.500000 -3.000000

query VI
SELECT c1, ln(c1) FROM test_math WHERE c1 < 10;
----
1 0.000000
4 1.386294
9 2.197225

query VII
SELECT c2 FROM test_math WHERE not isnan(c2);
----
4.000000
9.000000
16.000000
2.400000
-2.400000
2.500000
-2.500000

query VIII
SELECT c2 FROM test_math WHERE not isinf(c2);
----
4.000000
9.000000
16.000000
2.400000
-2.400000
2.500000
-2.500000

query VIV
SELECT c2 FROM test_math WHERE isfinite(c2);
----
4.000000
9.000000
16.000000
2.400000
-2.400000
2.500000
-2.500000

query VV
select c2 from test_math where isinf(100000000000000000000000000000000000000000000000000000000000000000000000000000000000000000000000000000000000000000000000000000000000000000000000000000000000000000000000000000000000000000000000000000000000000000000000000000000000000000000000000000000000000000000000000000000000000000000000000000000000000000000000000000000000000000000000000000000000000000000000000000000000000000000000000000000000000000000000000000000000000000000000000000000000000000000000000000000000000000000000000000000000000000000000000000.0);
----
4.000000
9.000000
16.000000
2.400000
-2.400000
2.500000
-2.500000

query VVI
select c2 from test_math where isfinite(1.0);
----
4.000000
9.000000
16.000000
2.400000
-2.400000
2.500000
-2.500000

query XII
SELECT *, truncate(c2, 1), truncate(c1, 0) FROM test_math;
----
1 4.000000 1.000000 2.400000
4 9.000000 2.000000 3.700000
9 16.000000 3.000000 10.100000
1 2.456000 1.000000 2.400000
4 3.789000 2.000000 3.700000
9 10.111000 3.000000 10.100000
16 15.555000 4.000000 15.500000

query XIII
SELECT c2 FROM test_math WHERE truncate(c2, 1) = 3.7;
----
4.000000

query XIV
SELECT c2 FROM test_math WHERE truncate(c2, 0) = 10;
----
10.000000

query XV
SELECT *, truncate(c1, -1) FROM test_math;
----
1 4.000000 0.000000
4 9.000000 0.000000
9 16.000000 0.000000
1 2.456000 0.000000
4 3.789000 0.000000
9 10.111000 0.000000
16 15.555000 10.000000

statement ok
DROP TABLE test_math;