statement ok
DROP TABLE IF EXISTS test_varchar_filter;

statement ok
CREATE TABLE test_varchar_filter (c1 varchar, c2 varchar, c3 integer);

statement ok
INSERT INTO test_varchar_filter VALUES ('abcddddd', 'abcddddd', 1), ('abcddddc', 'abcddddd', 2),
 ('abcdddde', 'abcddddd', 3), ('abcdddde', 'abcdddde', 4);

query I
SELECT * FROM test_varchar_filter where c1 = c2;
----
abcddddd abcddddd 1
abcdddde abcdddde 4

query II
SELECT * FROM test_varchar_filter where c1 = 'abcdddde';
----
abcdddde abcddddd 3
abcdddde abcdddde 4

query III
SELECT * FROM test_varchar_filter where c1 < c2;
----
abcddddc abcddddd 2

query IV
SELECT * FROM test_varchar_filter where c2 >= c1;
----
abcddddd abcddddd 1
abcddddc abcddddd 2
abcdddde abcdddde 4

query V
SELECT * FROM test_varchar_filter ORDER BY c1 desc, c2;
----
abcdddde abcddddd 3
abcdddde abcdddde 4
abcddddd abcddddd 1
abcddddc abcddddd 2

statement ok
INSERT INTO test_varchar_filter VALUES ('abc', 'abcd', 5);

query VI
SELECT *, char_length(c1) FROM test_varchar_filter where char_length(c1) = 8;
----
abcddddd abcddddd 1 8
abcddddc abcddddd 2 8
abcdddde abcddddd 3 8
abcdddde abcdddde 4 8

query VII
SELECT * FROM test_varchar_filter where char_length(c1) = 3;
----
abc abcd 5

query VIII
SELECT * FROM test_varchar_filter where md5(c1) = md5(c2);
----
abcddddd abcddddd 1
abcdddde abcdddde 4

query IX
SELECT * FROM test_varchar_filter where md5(c1) = md5('abcdddde');
----
abcdddde abcddddd 3
abcdddde abcdddde 4

statement ok
INSERT INTO test_varchar_filter VALUES ('regex@regex.com', 'gmail@gmail.com', 6);

query X
SELECT *, regex(c1, 'abc\w+e') FROM test_varchar_filter where regex(c1, 'abc\w+e');
----
abcdddde abcddddd 3 true
abcdddde abcdddde 4 true

query XI
SELECT * FROM test_varchar_filter where regex(c1, 'ddddc');
----
abcddddc abcddddd 2

query XII
SELECT * FROM test_varchar_filter where regex(c1, '(\w+([-+.]\w+)*)@(\w+([-.]\w+)*)\.(\w+([-.]\w+)*)');
----
regex@regex.com gmail@gmail.com 6

query XIII
SELECT *, substring(c1, 0, 4) FROM test_varchar_filter where substring(c1, 0, 4) = 'abcd';
----
abcddddd abcddddd 1 abcd
abcddddc abcddddd 2 abcd
abcdddde abcddddd 3 abcd
abcdddde abcdddde 4 abcd

query XIV
SELECT * FROM test_varchar_filter where substring(c1, 0, 0) = '';
----
abcddddd abcddddd 1
abcddddc abcddddd 2
abcdddde abcddddd 3
abcdddde abcdddde 4
abc abcd 5
regex@regex.com gmail@gmail.com 6

query XV
SELECT *, upper(c1) FROM test_varchar_filter where upper(c1) = 'ABCDDDDD';
----
abcddddd abcddddd 1 ABCDDDDD

query XVI
SELECT *, lower(c1) FROM test_varchar_filter where lower('ABCDDDDD') = c1;
----
abcddddd abcddddd 1 abcddddd

statement ok
INSERT INTO test_varchar_filter VALUES (' a b c', 'abc', 7), ('a b c ', 'abc', 8), (' a b c ', 'abc', 9);

query XVII
SELECT *, ltrim(c1) FROM test_varchar_filter where ltrim(c1) = 'a b c';
----
 a b c abc 7 a b c

query XVIII
SELECT *, rtrim(c1) FROM test_varchar_filter where rtrim(c1) = 'a b c';
----
a b c  abc 8 a b c

query XIX
SELECT *, trim(c1) FROM test_varchar_filter where trim(c1) = 'a b c';
----
 a b c abc 7 a b c
a b c  abc 8 a b c
 a b c  abc 9 a b c

statement ok
DROP TABLE test_varchar_filter;
