statement ok
DROP TABLE IF EXISTS test_knn_sparse_integer;

statement ok
CREATE TABLE test_knn_sparse_integer(c1 INT, c2 SPARSE(INT, 100));

# copy to create one block
# the csv has 4 rows, the ip distance to target([0:1.0,20:2.0,80:3.0]) is:
# 1. 1.0*1.0 + 1.0*2.0 + 1.0*3.0 = 6.0
# 2. 2.0*1.0 + 2.0*2.0 + 2.0*3.0 = 12.0
# 3. 3.0*1.0 = 3.0
# 4. 4.0*1.0 + 4.0*3.0 = 16.0
# 5. 0
statement ok
COPY test_knn_sparse_integer FROM '/var/infinity/test_data/sparse_knn_integer.csv' WITH (DELIMITER ',', FORMAT CSV);

# metric ip will be in descending order. The query will return row 4, 2, 1
query I
SELECT c1 FROM test_knn_sparse_integer SEARCH MATCH SPARSE (c2, [0:1.0,20:2.0,80:3.0], 'ip', 3);
----
4
2
1

# empty sparse vec denotes all zero
query I
SELECT SIMILARITY() FROM test_knn_sparse_integer SEARCH MATCH SPARSE (c2, [], 'ip', 3);
----
0.000000
0.000000
0.000000

query I
SELECT c2 FROM test_knn_sparse_integer SEARCH MATCH SPARSE (c2, [0:1,20:2,80:3], 'ip', 3);
----
[0:4,40:4,80:4]
[0:2,20:2,40:2,60:2,80:2]
[0:1,10:1,20:1,30:1,40:1,50:1,60:1,70:1,80:1,90:1]

query II
SELECT c1, ROW_ID(), SIMILARITY() FROM test_knn_sparse_integer SEARCH MATCH SPARSE (c2, [0:1.0,20:2.0,80:3.0], 'ip', 5);
----
4 3 16.000000
2 1 12.000000
1 0 6.000000
3 2 3.000000
5 4 0.000000

statement error
SELECT c1, ROW_ID(), DISTANCE() FROM test_knn_sparse_integer SEARCH MATCH SPARSE (c2, [0:1.0,20:2.0,80:3.0], 'ip', 3);

# copy to create another new block
# there will has 2 knn_scan operator to scan the blocks, and one merge_knn to merge
statement ok
COPY test_knn_sparse_integer FROM '/var/infinity/test_data/sparse_knn_integer.csv' WITH (DELIMITER ',', FORMAT CSV);

# the query will return block 1 row 4, block 2 row 4 and a row 3
query I
SELECT c1 FROM test_knn_sparse_integer SEARCH MATCH SPARSE (c2, [0:1.0,20:2.0,80:3.0], 'ip', 3);
----
4
4
2

# copy to create another new block
statement ok
COPY test_knn_sparse_integer FROM '/var/infinity/test_data/sparse_knn_integer.csv' WITH (DELIMITER ',', FORMAT CSV);

# the query will return row 4 from block 1, 2 and 3
query I
SELECT c1 FROM test_knn_sparse_integer SEARCH MATCH SPARSE (c2, [0:1.0,20:2.0,80:3.0], 'ip', 3);
----
4
4
4

statement ok
DROP TABLE test_knn_sparse_integer;
