statement ok
DROP TABLE IF EXISTS test_insert_embedding;

statement ok
CREATE TABLE test_insert_embedding (col1 INT, col2 EMBEDDING(FLOAT,16));

query I
INSERT INTO test_insert_embedding VALUES (0, [0,1,2,3,4,5,6,7,8,9,10,11,12,13,14,15]);
----

query II
SELECT * FROM test_insert_embedding;
----
0 0,1,2,3,4,5,6,7,8,9,10,11,12,13,14,15

# insert embedding with error dimension
statement error
INSERT INTO test_insert_embedding VALUES (1, [1,2,3,4,5,6,7,8,9,10,11,12,13,14,15]);


query I
INSERT INTO test_insert_embedding VALUES (1, [1,2,3,4,5,6,7,8,9,10,11,12,13,14,15,16]), (2, [2,3,4,5,6,7,8,9,10,11,12,13,14,15,16,17]);
----

query II
SELECT * FROM test_insert_embedding;
----
0 0,1,2,3,4,5,6,7,8,9,10,11,12,13,14,15
1 1,2,3,4,5,6,7,8,9,10,11,12,13,14,15,16
2 2,3,4,5,6,7,8,9,10,11,12,13,14,15,16,17

statement ok
DROP TABLE test_insert_embedding;

statement ok
CREATE TABLE test_insert_embedding (col1 INT, col2 EMBEDDING(FLOAT,16));

query I
INSERT INTO test_insert_embedding VALUES (0, [0.1,1.1,2.1,3.1,4.1,5.1,6.1,7.1,8.1,9.1,10.1,11.1,12.1,13.1,14.1,15.1]);
----

query II
SELECT * FROM test_insert_embedding;
----
0 0.1,1.1,2.1,3.1,4.1,5.1,6.1,7.1,8.1,9.1,10.1,11.1,12.1,13.1,14.1,15.1
