statement ok
DROP TABLE IF EXISTS test_limit;

statement ok
CREATE TABLE test_limit (c1 INTEGER, c2 INTEGER);

statement ok
INSERT INTO test_limit VALUES(0,1),(2,3),(4,5),(6,7);

query II
SELECT * FROM test_limit limit 0;
----

query II
SELECT * FROM test_limit limit 10;
----
0 1
2 3
4 5
6 7

query II
SELECT * FROM test_limit limit 2;
----
0 1
2 3

query II
SELECT * FROM test_limit limit 2 offset 0;
----
0 1
2 3

query II
SELECT * FROM test_limit limit 2 offset 2;
----
4 5
6 7

query II
SELECT * FROM test_limit limit 2 offset 4;
----