statement ok
DROP TABLE IF EXISTS date_index_scan;

statement ok
CREATE TABLE date_index_scan (i INTEGER, d1 DATE, d2 DATE);

statement ok
INSERT INTO date_index_scan VALUES
 (2222, DATE '2022-1-31', DATE '2023-1-31'),
 (1, DATE '1970-1-1', DATE '2970-1-1'),
 (11, DATE '1870-11-1', DATE '2570-1-1'),
 (111, DATE '6570-11-1', DATE '5570-6-21');

query I
SELECT * FROM date_index_scan;
----
2222 2022-01-31 2023-01-31
1 1970-01-01 2970-01-01
11 1870-11-01 2570-01-01
111 6570-11-01 5570-06-21

query II
SELECT * FROM date_index_scan WHERE d1 >= DATE '1970-1-1';
----
2222 2022-01-31 2023-01-31
1 1970-01-01 2970-01-01
111 6570-11-01 5570-06-21

statement ok
CREATE INDEX date_index_scan_d1 ON date_index_scan(d1);

query III
EXPLAIN SELECT * FROM date_index_scan WHERE d1 >= DATE '1970-1-1';
----
 PROJECT (4)
  - table index: #4
  - expressions: [i (#0), d1 (#1), d2 (#2)]
 -> INDEX SCAN (6)
    - table name: date_index_scan(default_db.date_index_scan)
    - table index: #1
    - filter: d1 (#1.1) >= 1970-01-01
    - output_columns: [__rowid]

query III
SELECT * FROM date_index_scan WHERE d1 >= DATE '1970-1-1';
----
2222 2022-01-31 2023-01-31
1 1970-01-01 2970-01-01
111 6570-11-01 5570-06-21

statement ok
DROP TABLE date_index_scan;
