statement ok
DROP TABLE IF EXISTS test_unnest;

statement ok
CREATE TABLE test_unnest (c1 INT, c2 ARRAY(INT));

statement ok
INSERT INTO test_unnest VALUES
(1, {0, 1}),
(2, {2, 3}),
(3, {0, 1, 2}),
(4, {0, 2, 3}),
(5, {});


query I rowsort
SELECT unnest(c2) FROM test_unnest;
----
0
0
0
1
1
2
2
2
3
3

query II rowsort
SELECT c1, unnest(c2) FROM test_unnest;
----
1 0
1 1
2 2
2 3
3 0
3 1
3 2
4 0
4 2
4 3

query ITI rowsort
SELECT c1, c2, unnest(c2) FROM test_unnest;
----
1 {0,1} 0
1 {0,1} 1
2 {2,3} 2
2 {2,3} 3
3 {0,1,2} 0
3 {0,1,2} 1
3 {0,1,2} 2
4 {0,2,3} 0
4 {0,2,3} 2
4 {0,2,3} 3

query II rowsort
SELECT c1, unnest(c2) as uc2 FROM test_unnest WHERE c1 > 2;
----
3 0
3 1
3 2
4 0
4 2
4 3

query II rowsort
SELECT c1, unnest(c2) as uc2 FROM test_unnest WHERE uc2 > 1;
----
2 2
2 3
3 2
4 2
4 3

query II rowsort
SELECT unnest(c2) as uc2, sum(c1) FROM test_unnest GROUP BY uc2;
----
0 8
1 4
2 9
3 6

statement ok
DROP TABLE test_unnest;
