statement ok
DROP TABLE IF EXISTS test_knn_ip;

statement ok
CREATE TABLE test_knn_ip(c1 INT, c2 EMBEDDING(FLOAT, 4));

# copy to create one block
# the csv has 4 rows, the inner product to target([0.3, 0.3, 0.2, 0.2]) is:
# 1. 0.3*0.1 + 0.3*0.2 + 0.2*0.3 + 0.2*(-0.2) = 0.11
# 2. 0.3*0.2 + 0.3*0.1 + 0.2*0.3 + 0.2*0.4 = 0.23
# 3. 0.3*0.3 + 0.3*0.2 + 0.2*0.1 + 0.2*0.4 = 0.25
# 4. 0.3*0.4 + 0.3*0.3 + 0.2*0.2 + 0.2*0.1 = 0.27
statement ok
COPY test_knn_ip FROM '/tmp/infinity/test_data/embedding_float_dim4.csv' WITH (DELIMITER ',');

# mertic ip will order descendingly. The query will return row 4, 3, 2
query I
SELECT c1 FROM test_knn_ip SEARCH KNN(c2, [0.3, 0.3, 0.2, 0.2], 'float', 'ip', 3);
----
8
6
4

query I
SELECT c2 FROM test_knn_ip SEARCH KNN(c2, [0.3, 0.3, 0.2, 0.2], 'float', 'ip', 3);
----
0.4,0.3,0.2,0.1
0.3,0.2,0.1,0.4
0.2,0.1,0.3,0.4

query II
SELECT c1, ROW_ID(), DISTANCE() FROM test_knn_ip SEARCH KNN(c2, [0.3, 0.3, 0.2, 0.2], 'float', 'ip', 3);
----
8 3 0.270000
6 2 0.250000
4 1 0.230000

# copy to create another new block
# there will has 2 knn_scan operator to scan the blocks, and one merge_knn to merge
statement ok
COPY test_knn_ip FROM '/tmp/infinity/test_data/embedding_float_dim4.csv' WITH (DELIMITER ',');

# the query will return block 1 row 4, block 2 row 4 and a row 3
query I
SELECT c1 FROM test_knn_ip SEARCH KNN(c2, [0.3, 0.3, 0.2, 0.2], 'float', 'ip', 3);
----
8
8
6

# copy to create another new block
statement ok
COPY test_knn_ip FROM '/tmp/infinity/test_data/embedding_float_dim4.csv' WITH (DELIMITER ',');

# the query will return row 4 from block 1, 2 and 3
query I
SELECT c1 FROM test_knn_ip SEARCH KNN(c2, [0.3, 0.3, 0.2, 0.2], 'float', 'ip', 3);
----
8
8
8

# query shall work when topn exceeds the row count
query I
SELECT c1 FROM test_knn_ip SEARCH KNN(c2, [0.3, 0.3, 0.2, 0.2], 'float', 'ip', 100);
----
8
8
8
6
6
6
4
4
4
2
2
2
